agree,disagree,name,name
650,16,Lynne Walz,Matt Williams
648,18,Lynne Walz,Tom Brandt
632,13,Lynne Walz,Mark Kolterman
635,23,Lynne Walz,Timothy Gragert
578,57,Lynne Walz,Rita Sanders
536,67,Lynne Walz,Mike Moser
538,60,Lynne Walz,Suzanne Geist
609,17,Lynne Walz,Mike Flood
532,80,Lynne Walz,Julie Slama
609,7,Lynne Walz,Mike McDonnell
583,42,Lynne Walz,Michael Hilgers
589,6,Lynne Walz,John Cavanaugh
515,113,Lynne Walz,Joni Albrecht
564,62,Lynne Walz,Dave Murman
591,27,Lynne Walz,Robert Hilkemann
469,119,Lynne Walz,Robert Clements
640,6,Lynne Walz,John McCollister
525,55,Lynne Walz,Steve Halloran
627,18,Lynne Walz,Myron Dorn
519,40,Lynne Walz,Ben Hansen
599,28,Lynne Walz,Raymond Aguilar
567,30,Lynne Walz,Lou Linehan
550,23,Lynne Walz,Tom Briese
549,10,Lynne Walz,Matt Hansen
527,58,Lynne Walz,Bruce Bostelman
579,1,Lynne Walz,Adam Morfeld
568,17,Lynne Walz,Terrell McKinney
591,5,Lynne Walz,Carol Blood
564,35,Lynne Walz,John Arch
604,2,Lynne Walz,Wendy DeBoer
546,46,Lynne Walz,Curt Friesen
554,17,Lynne Walz,Brett Lindstrom
572,4,Lynne Walz,Patty Pansing Brooks
574,2,Lynne Walz,Tony Vargas
584,3,Lynne Walz,Steve Lathrop
497,40,Lynne Walz,Dan Hughes
520,7,Lynne Walz,Rich Pahls
574,3,Lynne Walz,Anna Wishart
535,2,Lynne Walz,Jen Day
414,102,Lynne Walz,John Lowe
482,22,Lynne Walz,Machaela Cavanaugh
359,111,Lynne Walz,Steve Erdman
452,29,Lynne Walz,Megan Hunt
420,17,Lynne Walz,Justin Wayne
450,3,Lynne Walz,Eliot Bostar
419,93,Lynne Walz,Michael Groene
502,18,Lynne Walz,John Stinner
382,42,Lynne Walz,Tom Brewer
617,25,Lou Linehan,Matt Williams
622,25,Lou Linehan,Tom Brandt
596,30,Lou Linehan,Mark Kolterman
631,17,Lou Linehan,Timothy Gragert
597,19,Lou Linehan,Rita Sanders
570,33,Lou Linehan,Mike Moser
560,31,Lou Linehan,Suzanne Geist
585,18,Lou Linehan,Mike Flood
565,45,Lou Linehan,Julie Slama
577,23,Lou Linehan,Mike McDonnell
587,24,Lou Linehan,Michael Hilgers
532,47,Lou Linehan,John Cavanaugh
562,62,Lou Linehan,Joni Albrecht
603,19,Lou Linehan,Dave Murman
564,24,Lou Linehan,Robert Hilkemann
508,67,Lou Linehan,Robert Clements
584,33,Lou Linehan,John McCollister
610,20,Lou Linehan,Myron Dorn
543,27,Lou Linehan,Steve Halloran
595,22,Lou Linehan,Raymond Aguilar
540,19,Lou Linehan,Ben Hansen
560,11,Lou Linehan,Tom Briese
479,48,Lou Linehan,Matt Hansen
553,37,Lou Linehan,Bruce Bostelman
517,32,Lou Linehan,Adam Morfeld
506,50,Lou Linehan,Terrell McKinney
517,42,Lou Linehan,Carol Blood
581,10,Lou Linehan,John Arch
544,35,Lou Linehan,Wendy DeBoer
548,35,Lou Linehan,Curt Friesen
544,19,Lou Linehan,Brett Lindstrom
502,36,Lou Linehan,Patty Pansing Brooks
511,33,Lou Linehan,Tony Vargas
515,41,Lou Linehan,Steve Lathrop
528,16,Lou Linehan,Dan Hughes
510,15,Lou Linehan,Rich Pahls
502,32,Lou Linehan,Anna Wishart
484,36,Lou Linehan,Jen Day
444,50,Lou Linehan,John Lowe
449,62,Lou Linehan,Michael Groene
485,26,Lou Linehan,John Stinner
393,65,Lou Linehan,Steve Erdman
382,68,Lou Linehan,Megan Hunt
399,30,Lou Linehan,Eliot Bostar
412,15,Lou Linehan,Tom Brewer
422,58,Lou Linehan,Machaela Cavanaugh
393,32,Lou Linehan,Justin Wayne
577,105,Joni Albrecht,Matt Williams
582,105,Joni Albrecht,Tom Brandt
549,107,Joni Albrecht,Mark Kolterman
595,86,Joni Albrecht,Timothy Gragert
622,38,Joni Albrecht,Rita Sanders
592,47,Joni Albrecht,Mike Moser
563,64,Joni Albrecht,Suzanne Geist
534,106,Joni Albrecht,Mike Flood
601,49,Joni Albrecht,Julie Slama
527,108,Joni Albrecht,Mike McDonnell
574,66,Joni Albrecht,Michael Hilgers
473,133,Joni Albrecht,John Cavanaugh
525,97,Joni Albrecht,Robert Hilkemann
625,31,Joni Albrecht,Dave Murman
594,32,Joni Albrecht,Robert Clements
542,116,Joni Albrecht,John McCollister
560,48,Joni Albrecht,Steve Halloran
577,89,Joni Albrecht,Myron Dorn
541,51,Joni Albrecht,Ben Hansen
554,95,Joni Albrecht,Raymond Aguilar
533,65,Joni Albrecht,Tom Briese
423,133,Joni Albrecht,Matt Hansen
579,41,Joni Albrecht,Bruce Bostelman
460,116,Joni Albrecht,Adam Morfeld
462,133,Joni Albrecht,Terrell McKinney
480,119,Joni Albrecht,Carol Blood
570,42,Joni Albrecht,John Arch
488,116,Joni Albrecht,Wendy DeBoer
556,65,Joni Albrecht,Curt Friesen
511,80,Joni Albrecht,Brett Lindstrom
455,112,Joni Albrecht,Patty Pansing Brooks
471,110,Joni Albrecht,Tony Vargas
488,61,Joni Albrecht,Michael Groene
440,83,Joni Albrecht,John Stinner
384,129,Joni Albrecht,Machaela Cavanaugh
457,48,Joni Albrecht,Steve Erdman
357,132,Joni Albrecht,Megan Hunt
356,97,Joni Albrecht,Justin Wayne
459,125,Joni Albrecht,Steve Lathrop
523,48,Joni Albrecht,Dan Hughes
483,79,Joni Albrecht,Rich Pahls
455,112,Joni Albrecht,Anna Wishart
433,105,Joni Albrecht,Jen Day
498,37,Joni Albrecht,John Lowe
357,103,Joni Albrecht,Eliot Bostar
415,37,Joni Albrecht,Tom Brewer
609,14,Brett Lindstrom,Matt Williams
619,13,Brett Lindstrom,Tom Brandt
599,11,Brett Lindstrom,Mark Kolterman
614,11,Brett Lindstrom,Timothy Gragert
561,43,Brett Lindstrom,Rita Sanders
529,44,Brett Lindstrom,Mike Moser
529,37,Brett Lindstrom,Suzanne Geist
587,14,Brett Lindstrom,Mike Flood
528,46,Brett Lindstrom,Julie Slama
490,21,Brett Lindstrom,Patty Pansing Brooks
520,21,Brett Lindstrom,Tony Vargas
516,27,Brett Lindstrom,Steve Lathrop
495,27,Brett Lindstrom,Dan Hughes
495,11,Brett Lindstrom,Rich Pahls
514,20,Brett Lindstrom,Anna Wishart
474,20,Brett Lindstrom,Jen Day
419,61,Brett Lindstrom,John Lowe
417,75,Brett Lindstrom,Michael Groene
456,14,Brett Lindstrom,John Stinner
423,44,Brett Lindstrom,Machaela Cavanaugh
408,18,Brett Lindstrom,Eliot Bostar
397,22,Brett Lindstrom,Tom Brewer
392,24,Brett Lindstrom,Justin Wayne
360,81,Brett Lindstrom,Steve Erdman
389,51,Brett Lindstrom,Megan Hunt
565,15,Brett Lindstrom,Mike McDonnell
567,27,Brett Lindstrom,Michael Hilgers
524,30,Brett Lindstrom,John Cavanaugh
554,34,Brett Lindstrom,Dave Murman
554,19,Brett Lindstrom,Robert Hilkemann
467,79,Brett Lindstrom,Robert Clements
592,13,Brett Lindstrom,John McCollister
533,22,Brett Lindstrom,Steve Halloran
619,10,Brett Lindstrom,Myron Dorn
564,23,Brett Lindstrom,Raymond Aguilar
520,15,Brett Lindstrom,Ben Hansen
533,11,Brett Lindstrom,Tom Briese
522,36,Brett Lindstrom,Bruce Bostelman
474,35,Brett Lindstrom,Matt Hansen
504,19,Brett Lindstrom,Adam Morfeld
500,39,Brett Lindstrom,Terrell McKinney
499,28,Brett Lindstrom,Carol Blood
552,12,Brett Lindstrom,John Arch
539,18,Brett Lindstrom,Wendy DeBoer
538,28,Brett Lindstrom,Curt Friesen
650,12,Dave Murman,Rita Sanders
609,22,Dave Murman,Mike Moser
592,32,Dave Murman,Suzanne Geist
583,52,Dave Murman,Mike Flood
611,23,Dave Murman,Julie Slama
568,57,Dave Murman,Mike McDonnell
608,30,Dave Murman,Michael Hilgers
519,82,Dave Murman,John Cavanaugh
575,47,Dave Murman,Robert Hilkemann
582,33,Dave Murman,Robert Clements
586,65,Dave Murman,John McCollister
585,21,Dave Murman,Steve Halloran
633,39,Dave Murman,Myron Dorn
576,13,Dave Murman,Ben Hansen
597,45,Dave Murman,Raymond Aguilar
563,20,Dave Murman,Tom Briese
464,88,Dave Murman,Matt Hansen
592,18,Dave Murman,Bruce Bostelman
501,68,Dave Murman,Adam Morfeld
506,88,Dave Murman,Terrell McKinney
514,74,Dave Murman,Carol Blood
620,9,Dave Murman,John Arch
533,66,Dave Murman,Wendy DeBoer
584,36,Dave Murman,Curt Friesen
499,68,Dave Murman,Patty Pansing Brooks
511,70,Dave Murman,Tony Vargas
501,79,Dave Murman,Steve Lathrop
553,16,Dave Murman,Dan Hughes
507,36,Dave Murman,Rich Pahls
499,67,Dave Murman,Anna Wishart
472,64,Dave Murman,Jen Day
505,26,Dave Murman,John Lowe
490,45,Dave Murman,Michael Groene
471,42,Dave Murman,John Stinner
411,95,Dave Murman,Machaela Cavanaugh
385,61,Dave Murman,Eliot Bostar
440,9,Dave Murman,Tom Brewer
372,63,Dave Murman,Justin Wayne
626,48,Dave Murman,Matt Williams
631,54,Dave Murman,Tom Brandt
596,54,Dave Murman,Mark Kolterman
647,33,Dave Murman,Timothy Gragert
451,40,Dave Murman,Steve Erdman
387,102,Dave Murman,Megan Hunt
576,41,Terrell McKinney,Matt Williams
590,35,Terrell McKinney,Tom Brandt
560,35,Terrell McKinney,Mark Kolterman
565,51,Terrell McKinney,Timothy Gragert
509,85,Terrell McKinney,Rita Sanders
471,95,Terrell McKinney,Mike Moser
475,81,Terrell McKinney,Suzanne Geist
541,42,Terrell McKinney,Mike Flood
474,98,Terrell McKinney,Julie Slama
545,32,Terrell McKinney,Mike McDonnell
524,62,Terrell McKinney,Michael Hilgers
569,11,Terrell McKinney,John Cavanaugh
523,47,Terrell McKinney,Robert Hilkemann
405,141,Terrell McKinney,Robert Clements
577,24,Terrell McKinney,John McCollister
456,87,Terrell McKinney,Steve Halloran
562,50,Terrell McKinney,Myron Dorn
533,48,Terrell McKinney,Raymond Aguilar
463,66,Terrell McKinney,Ben Hansen
496,45,Terrell McKinney,Tom Briese
468,86,Terrell McKinney,Bruce Bostelman
529,11,Terrell McKinney,Matt Hansen
532,14,Terrell McKinney,Adam Morfeld
528,9,Terrell McKinney,Carol Blood
502,64,Terrell McKinney,John Arch
543,15,Terrell McKinney,Wendy DeBoer
492,67,Terrell McKinney,Curt Friesen
536,16,Terrell McKinney,Patty Pansing Brooks
530,9,Terrell McKinney,Tony Vargas
528,16,Terrell McKinney,Steve Lathrop
438,67,Terrell McKinney,Dan Hughes
490,19,Terrell McKinney,Rich Pahls
517,18,Terrell McKinney,Anna Wishart
479,16,Terrell McKinney,Jen Day
345,125,Terrell McKinney,John Lowe
312,134,Terrell McKinney,Steve Erdman
443,15,Terrell McKinney,Megan Hunt
417,15,Terrell McKinney,Eliot Bostar
428,12,Terrell McKinney,Justin Wayne
391,112,Terrell McKinney,Michael Groene
453,34,Terrell McKinney,John Stinner
488,15,Terrell McKinney,Machaela Cavanaugh
330,70,Terrell McKinney,Tom Brewer
491,49,Machaela Cavanaugh,Matt Williams
495,47,Machaela Cavanaugh,Tom Brandt
477,42,Machaela Cavanaugh,Mark Kolterman
468,60,Machaela Cavanaugh,Timothy Gragert
427,89,Machaela Cavanaugh,Rita Sanders
387,98,Machaela Cavanaugh,Mike Moser
391,85,Machaela Cavanaugh,Suzanne Geist
462,47,Machaela Cavanaugh,Mike Flood
393,105,Machaela Cavanaugh,Julie Slama
457,41,Machaela Cavanaugh,Mike McDonnell
442,67,Machaela Cavanaugh,Michael Hilgers
505,7,Machaela Cavanaugh,John Cavanaugh
441,54,Machaela Cavanaugh,Robert Hilkemann
324,146,Machaela Cavanaugh,Robert Clements
491,32,Machaela Cavanaugh,John McCollister
377,89,Machaela Cavanaugh,Steve Halloran
468,57,Machaela Cavanaugh,Myron Dorn
452,54,Machaela Cavanaugh,Raymond Aguilar
390,69,Machaela Cavanaugh,Ben Hansen
419,44,Machaela Cavanaugh,Tom Briese
388,81,Machaela Cavanaugh,Bruce Bostelman
462,8,Machaela Cavanaugh,Matt Hansen
459,24,Machaela Cavanaugh,Adam Morfeld
458,15,Machaela Cavanaugh,Carol Blood
415,69,Machaela Cavanaugh,John Arch
461,27,Machaela Cavanaugh,Wendy DeBoer
408,66,Machaela Cavanaugh,Curt Friesen
466,20,Machaela Cavanaugh,Tony Vargas
447,17,Machaela Cavanaugh,Patty Pansing Brooks
453,22,Machaela Cavanaugh,Steve Lathrop
365,72,Machaela Cavanaugh,Dan Hughes
403,25,Machaela Cavanaugh,Rich Pahls
233,137,Machaela Cavanaugh,Steve Erdman
399,9,Machaela Cavanaugh,Megan Hunt
363,10,Machaela Cavanaugh,Justin Wayne
441,24,Machaela Cavanaugh,Anna Wishart
407,17,Machaela Cavanaugh,Jen Day
270,125,Machaela Cavanaugh,John Lowe
317,107,Machaela Cavanaugh,Michael Groene
367,17,Machaela Cavanaugh,Eliot Bostar
280,71,Machaela Cavanaugh,Tom Brewer
383,38,Machaela Cavanaugh,John Stinner
537,52,Carol Blood,Michael Hilgers
565,4,Carol Blood,John Cavanaugh
536,35,Carol Blood,Robert Hilkemann
430,123,Carol Blood,Robert Clements
592,13,Carol Blood,John McCollister
494,69,Carol Blood,Steve Halloran
572,34,Carol Blood,Myron Dorn
584,39,Carol Blood,Raymond Aguilar
479,55,Carol Blood,Ben Hansen
507,35,Carol Blood,Tom Briese
518,7,Carol Blood,Matt Hansen
490,70,Carol Blood,Bruce Bostelman
532,4,Carol Blood,Adam Morfeld
514,46,Carol Blood,John Arch
566,8,Carol Blood,Wendy DeBoer
511,53,Carol Blood,Curt Friesen
517,5,Carol Blood,Patty Pansing Brooks
534,6,Carol Blood,Tony Vargas
543,4,Carol Blood,Steve Lathrop
465,53,Carol Blood,Dan Hughes
514,11,Carol Blood,Rich Pahls
509,6,Carol Blood,Anna Wishart
536,5,Carol Blood,Jen Day
387,115,Carol Blood,John Lowe
381,98,Carol Blood,Michael Groene
500,19,Carol Blood,John Stinner
330,117,Carol Blood,Steve Erdman
472,22,Carol Blood,Megan Hunt
415,6,Carol Blood,Eliot Bostar
367,55,Carol Blood,Tom Brewer
379,16,Carol Blood,Justin Wayne
598,28,Carol Blood,Matt Williams
609,26,Carol Blood,Tom Brandt
585,23,Carol Blood,Mark Kolterman
590,39,Carol Blood,Timothy Gragert
537,64,Carol Blood,Rita Sanders
491,84,Carol Blood,Mike Moser
501,70,Carol Blood,Suzanne Geist
556,30,Carol Blood,Mike Flood
495,92,Carol Blood,Julie Slama
559,16,Carol Blood,Mike McDonnell
587,51,Bruce Bostelman,Matt Williams
595,51,Bruce Bostelman,Tom Brandt
564,51,Bruce Bostelman,Mark Kolterman
607,41,Bruce Bostelman,Timothy Gragert
602,24,Bruce Bostelman,Rita Sanders
565,30,Bruce Bostelman,Mike Moser
568,30,Bruce Bostelman,Suzanne Geist
553,49,Bruce Bostelman,Mike Flood
571,29,Bruce Bostelman,Julie Slama
543,55,Bruce Bostelman,Mike McDonnell
575,36,Bruce Bostelman,Michael Hilgers
483,81,Bruce Bostelman,John Cavanaugh
547,47,Bruce Bostelman,Robert Hilkemann
540,39,Bruce Bostelman,Robert Clements
556,61,Bruce Bostelman,John McCollister
551,25,Bruce Bostelman,Steve Halloran
585,41,Bruce Bostelman,Myron Dorn
445,53,Bruce Bostelman,Michael Groene
441,46,Bruce Bostelman,John Stinner
414,52,Bruce Bostelman,Steve Erdman
362,98,Bruce Bostelman,Megan Hunt
370,55,Bruce Bostelman,Eliot Bostar
410,18,Bruce Bostelman,Tom Brewer
351,66,Bruce Bostelman,Justin Wayne
561,50,Bruce Bostelman,Raymond Aguilar
545,21,Bruce Bostelman,Ben Hansen
546,24,Bruce Bostelman,Tom Briese
440,82,Bruce Bostelman,Matt Hansen
480,62,Bruce Bostelman,Adam Morfeld
581,15,Bruce Bostelman,John Arch
510,62,Bruce Bostelman,Wendy DeBoer
564,25,Bruce Bostelman,Curt Friesen
475,57,Bruce Bostelman,Patty Pansing Brooks
489,60,Bruce Bostelman,Tony Vargas
489,71,Bruce Bostelman,Steve Lathrop
536,14,Bruce Bostelman,Dan Hughes
483,35,Bruce Bostelman,Rich Pahls
475,59,Bruce Bostelman,Anna Wishart
444,68,Bruce Bostelman,Jen Day
454,40,Bruce Bostelman,John Lowe
441,36,Michael Groene,Dan Hughes
383,79,Michael Groene,Rich Pahls
379,95,Michael Groene,Anna Wishart
355,90,Michael Groene,Jen Day
400,33,Michael Groene,John Lowe
340,86,Michael Groene,John Stinner
304,83,Michael Groene,Eliot Bostar
339,36,Michael Groene,Tom Brewer
301,79,Michael Groene,Justin Wayne
457,101,Michael Groene,Matt Williams
464,97,Michael Groene,Tom Brandt
435,103,Michael Groene,Mark Kolterman
480,81,Michael Groene,Timothy Gragert
482,53,Michael Groene,Rita Sanders
469,51,Michael Groene,Mike Moser
464,55,Michael Groene,Suzanne Geist
439,95,Michael Groene,Mike Flood
469,53,Michael Groene,Julie Slama
425,98,Michael Groene,Mike McDonnell
472,63,Michael Groene,Michael Hilgers
393,111,Michael Groene,John Cavanaugh
430,88,Michael Groene,Robert Hilkemann
373,42,Michael Groene,Steve Erdman
292,102,Michael Groene,Megan Hunt
467,46,Michael Groene,Robert Clements
443,106,Michael Groene,John McCollister
447,49,Michael Groene,Steve Halloran
460,87,Michael Groene,Myron Dorn
445,92,Michael Groene,Raymond Aguilar
439,42,Michael Groene,Ben Hansen
438,65,Michael Groene,Tom Briese
355,109,Michael Groene,Matt Hansen
378,93,Michael Groene,Adam Morfeld
453,50,Michael Groene,John Arch
402,102,Michael Groene,Wendy DeBoer
462,55,Michael Groene,Curt Friesen
399,92,Michael Groene,Tony Vargas
383,99,Michael Groene,Patty Pansing Brooks
384,99,Michael Groene,Steve Lathrop
688,10,John McCollister,Matt Williams
684,16,John McCollister,Tom Brandt
662,11,John McCollister,Mark Kolterman
667,23,John McCollister,Timothy Gragert
606,59,John McCollister,Rita Sanders
564,69,John McCollister,Mike Moser
564,64,John McCollister,Suzanne Geist
636,15,John McCollister,Mike Flood
563,77,John McCollister,Julie Slama
623,14,John McCollister,Mike McDonnell
614,44,John McCollister,Michael Hilgers
606,13,John McCollister,John Cavanaugh
609,25,John McCollister,Robert Hilkemann
501,119,John McCollister,Robert Clements
555,54,John McCollister,Steve Halloran
656,18,John McCollister,Myron Dorn
551,44,John McCollister,Ben Hansen
626,29,John McCollister,Raymond Aguilar
576,24,John McCollister,Tom Briese
551,22,John McCollister,Matt Hansen
584,7,John McCollister,Adam Morfeld
594,35,John McCollister,John Arch
619,2,John McCollister,Wendy DeBoer
587,45,John McCollister,Curt Friesen
571,11,John McCollister,Patty Pansing Brooks
587,9,John McCollister,Tony Vargas
598,12,John McCollister,Steve Lathrop
535,39,John McCollister,Dan Hughes
544,9,John McCollister,Rich Pahls
583,5,John McCollister,Anna Wishart
541,6,John McCollister,Jen Day
377,115,John McCollister,Steve Erdman
459,39,John McCollister,Megan Hunt
465,6,John McCollister,Eliot Bostar
416,44,John McCollister,Tom Brewer
424,25,John McCollister,Justin Wayne
429,101,John McCollister,John Lowe
515,15,John McCollister,John Stinner
593,19,Tony Vargas,Matt Williams
599,21,Tony Vargas,Tom Brandt
581,14,Tony Vargas,Mark Kolterman
582,29,Tony Vargas,Timothy Gragert
533,69,Tony Vargas,Rita Sanders
488,68,Tony Vargas,Mike Moser
500,63,Tony Vargas,Suzanne Geist
579,21,Tony Vargas,Mike Flood
485,77,Tony Vargas,Julie Slama
553,12,Tony Vargas,Mike McDonnell
534,47,Tony Vargas,Michael Hilgers
551,6,Tony Vargas,John Cavanaugh
540,30,Tony Vargas,Robert Hilkemann
433,122,Tony Vargas,Robert Clements
475,60,Tony Vargas,Steve Halloran
582,26,Tony Vargas,Myron Dorn
552,29,Tony Vargas,Raymond Aguilar
482,49,Tony Vargas,Ben Hansen
521,28,Tony Vargas,Tom Briese
509,14,Tony Vargas,Matt Hansen
532,4,Tony Vargas,Adam Morfeld
449,18,Tony Vargas,John Stinner
329,119,Tony Vargas,Steve Erdman
425,25,Tony Vargas,Megan Hunt
430,3,Tony Vargas,Eliot Bostar
368,44,Tony Vargas,Tom Brewer
399,12,Tony Vargas,Justin Wayne
361,105,Tony Vargas,John Lowe
514,42,Tony Vargas,John Arch
557,6,Tony Vargas,Wendy DeBoer
510,51,Tony Vargas,Curt Friesen
538,3,Tony Vargas,Patty Pansing Brooks
546,5,Tony Vargas,Steve Lathrop
458,45,Tony Vargas,Dan Hughes
472,12,Tony Vargas,Rich Pahls
538,5,Tony Vargas,Anna Wishart
476,4,Tony Vargas,Jen Day
653,29,Raymond Aguilar,Matt Williams
659,28,Raymond Aguilar,Tom Brandt
629,29,Raymond Aguilar,Mark Kolterman
663,26,Raymond Aguilar,Timothy Gragert
458,80,Raymond Aguilar,John Lowe
531,24,Raymond Aguilar,John Stinner
396,95,Raymond Aguilar,Steve Erdman
443,68,Raymond Aguilar,Megan Hunt
410,28,Raymond Aguilar,Eliot Bostar
432,39,Raymond Aguilar,Tom Brewer
398,37,Raymond Aguilar,Justin Wayne
537,29,Raymond Aguilar,Adam Morfeld
588,28,Raymond Aguilar,John Arch
573,29,Raymond Aguilar,Wendy DeBoer
560,55,Raymond Aguilar,Curt Friesen
530,31,Raymond Aguilar,Patty Pansing Brooks
543,37,Raymond Aguilar,Steve Lathrop
536,33,Raymond Aguilar,Dan Hughes
536,22,Raymond Aguilar,Rich Pahls
531,29,Raymond Aguilar,Anna Wishart
538,33,Raymond Aguilar,Jen Day
619,36,Raymond Aguilar,Rita Sanders
581,51,Raymond Aguilar,Mike Moser
574,49,Raymond Aguilar,Suzanne Geist
614,24,Raymond Aguilar,Mike Flood
575,61,Raymond Aguilar,Julie Slama
599,27,Raymond Aguilar,Mike McDonnell
600,41,Raymond Aguilar,Michael Hilgers
557,45,Raymond Aguilar,John Cavanaugh
583,38,Raymond Aguilar,Robert Hilkemann
504,96,Raymond Aguilar,Robert Clements
552,49,Raymond Aguilar,Steve Halloran
644,23,Raymond Aguilar,Myron Dorn
541,36,Raymond Aguilar,Ben Hansen
577,25,Raymond Aguilar,Tom Briese
503,50,Raymond Aguilar,Matt Hansen
625,13,Wendy DeBoer,Matt Williams
627,19,Wendy DeBoer,Tom Brandt
610,13,Wendy DeBoer,Mark Kolterman
616,24,Wendy DeBoer,Timothy Gragert
550,60,Wendy DeBoer,Rita Sanders
513,70,Wendy DeBoer,Mike Moser
517,64,Wendy DeBoer,Suzanne Geist
588,20,Wendy DeBoer,Mike Flood
510,82,Wendy DeBoer,Julie Slama
581,12,Wendy DeBoer,Mike McDonnell
559,45,Wendy DeBoer,Michael Hilgers
573,9,Wendy DeBoer,John Cavanaugh
562,25,Wendy DeBoer,Robert Hilkemann
449,124,Wendy DeBoer,Robert Clements
506,58,Wendy DeBoer,Steve Halloran
600,22,Wendy DeBoer,Myron Dorn
503,45,Wendy DeBoer,Ben Hansen
531,26,Wendy DeBoer,Tom Briese
530,16,Wendy DeBoer,Matt Hansen
558,1,Wendy DeBoer,Adam Morfeld
542,39,Wendy DeBoer,John Arch
529,47,Wendy DeBoer,Curt Friesen
537,7,Wendy DeBoer,Patty Pansing Brooks
564,6,Wendy DeBoer,Steve Lathrop
489,40,Wendy DeBoer,Dan Hughes
507,8,Wendy DeBoer,Rich Pahls
547,5,Wendy DeBoer,Anna Wishart
506,3,Wendy DeBoer,Jen Day
384,104,Wendy DeBoer,John Lowe
480,18,Wendy DeBoer,John Stinner
347,115,Wendy DeBoer,Steve Erdman
440,33,Wendy DeBoer,Megan Hunt
458,2,Wendy DeBoer,Eliot Bostar
369,46,Wendy DeBoer,Tom Brewer
416,21,Wendy DeBoer,Justin Wayne
374,57,Megan Hunt,Tom Briese
438,12,Megan Hunt,Matt Hansen
411,25,Megan Hunt,Adam Morfeld
389,81,Megan Hunt,John Arch
377,75,Megan Hunt,Curt Friesen
405,24,Megan Hunt,Patty Pansing Brooks
418,27,Megan Hunt,Steve Lathrop
341,84,Megan Hunt,Dan Hughes
381,30,Megan Hunt,Rich Pahls
403,33,Megan Hunt,Anna Wishart
429,20,Megan Hunt,Jen Day
272,140,Megan Hunt,John Lowe
370,48,Megan Hunt,John Stinner
241,142,Megan Hunt,Steve Erdman
323,21,Megan Hunt,Eliot Bostar
270,84,Megan Hunt,Tom Brewer
317,24,Megan Hunt,Justin Wayne
440,53,Megan Hunt,Mark Kolterman
442,69,Megan Hunt,Timothy Gragert
396,95,Megan Hunt,Rita Sanders
355,108,Megan Hunt,Mike Moser
371,97,Megan Hunt,Suzanne Geist
427,58,Megan Hunt,Mike Flood
364,113,Megan Hunt,Julie Slama
423,49,Megan Hunt,Mike McDonnell
409,78,Megan Hunt,Michael Hilgers
462,13,Megan Hunt,John Cavanaugh
402,66,Megan Hunt,Robert Hilkemann
307,142,Megan Hunt,Robert Clements
368,99,Megan Hunt,Steve Halloran
433,69,Megan Hunt,Myron Dorn
352,84,Megan Hunt,Ben Hansen
451,54,Megan Hunt,Matt Williams
461,56,Megan Hunt,Tom Brandt
584,15,Anna Wishart,Matt Williams
583,20,Anna Wishart,Tom Brandt
571,12,Anna Wishart,Mark Kolterman
568,27,Anna Wishart,Timothy Gragert
515,66,Anna Wishart,Rita Sanders
484,71,Anna Wishart,Mike Moser
479,65,Anna Wishart,Suzanne Geist
560,18,Anna Wishart,Mike Flood
478,78,Anna Wishart,Julie Slama
559,7,Anna Wishart,Mike McDonnell
520,47,Anna Wishart,Michael Hilgers
531,10,Anna Wishart,John Cavanaugh
532,24,Anna Wishart,Robert Hilkemann
420,120,Anna Wishart,Robert Clements
468,57,Anna Wishart,Steve Halloran
577,22,Anna Wishart,Myron Dorn
468,46,Anna Wishart,Ben Hansen
503,24,Anna Wishart,Tom Briese
488,16,Anna Wishart,Matt Hansen
535,3,Anna Wishart,Adam Morfeld
507,42,Anna Wishart,John Arch
500,49,Anna Wishart,Curt Friesen
525,6,Anna Wishart,Patty Pansing Brooks
542,5,Anna Wishart,Steve Lathrop
451,43,Anna Wishart,Dan Hughes
461,8,Anna Wishart,Rich Pahls
479,6,Anna Wishart,Jen Day
359,103,Anna Wishart,John Lowe
455,14,Anna Wishart,John Stinner
326,115,Anna Wishart,Steve Erdman
429,5,Anna Wishart,Eliot Bostar
356,43,Anna Wishart,Tom Brewer
394,20,Anna Wishart,Justin Wayne
688,12,Myron Dorn,Matt Williams
697,16,Myron Dorn,Tom Brandt
666,12,Myron Dorn,Mark Kolterman
701,6,Myron Dorn,Timothy Gragert
639,38,Myron Dorn,Rita Sanders
596,48,Myron Dorn,Mike Moser
591,47,Myron Dorn,Suzanne Geist
661,13,Myron Dorn,Mike Flood
591,53,Myron Dorn,Julie Slama
637,16,Myron Dorn,Mike McDonnell
628,31,Myron Dorn,Michael Hilgers
587,40,Myron Dorn,John Cavanaugh
624,19,Myron Dorn,Robert Hilkemann
534,94,Myron Dorn,Robert Clements
586,33,Myron Dorn,Steve Halloran
586,22,Myron Dorn,Ben Hansen
595,16,Myron Dorn,Tom Briese
529,46,Myron Dorn,Matt Hansen
572,24,Myron Dorn,Adam Morfeld
625,20,Myron Dorn,John Arch
602,35,Myron Dorn,Curt Friesen
554,27,Myron Dorn,Patty Pansing Brooks
570,36,Myron Dorn,Steve Lathrop
564,25,Myron Dorn,Dan Hughes
543,11,Myron Dorn,Rich Pahls
533,25,Myron Dorn,Jen Day
470,77,Myron Dorn,John Lowe
530,11,Myron Dorn,John Stinner
414,92,Myron Dorn,Steve Erdman
442,20,Myron Dorn,Eliot Bostar
459,26,Myron Dorn,Tom Brewer
426,34,Myron Dorn,Justin Wayne
608,41,Curt Friesen,Matt Williams
614,35,Curt Friesen,Tom Brandt
579,45,Curt Friesen,Mark Kolterman
622,33,Curt Friesen,Timothy Gragert
559,35,Curt Friesen,Suzanne Geist
588,41,Curt Friesen,Rita Sanders
561,36,Curt Friesen,Mike Moser
571,38,Curt Friesen,Mike Flood
562,47,Curt Friesen,Julie Slama
522,58,Curt Friesen,John Cavanaugh
553,45,Curt Friesen,Mike McDonnell
578,38,Curt Friesen,Michael Hilgers
535,22,Curt Friesen,Ben Hansen
551,39,Curt Friesen,Robert Hilkemann
550,32,Curt Friesen,Steve Halloran
525,58,Curt Friesen,Robert Clements
464,65,Curt Friesen,Matt Hansen
558,20,Curt Friesen,Tom Briese
499,49,Curt Friesen,Adam Morfeld
487,30,Curt Friesen,Rich Pahls
575,26,Curt Friesen,John Arch
490,48,Curt Friesen,Patty Pansing Brooks
544,16,Curt Friesen,Dan Hughes
512,56,Curt Friesen,Steve Lathrop
465,48,Curt Friesen,Jen Day
452,47,Curt Friesen,John Lowe
452,43,Curt Friesen,John Stinner
405,68,Curt Friesen,Steve Erdman
398,41,Curt Friesen,Eliot Bostar
418,22,Curt Friesen,Tom Brewer
377,49,Curt Friesen,Justin Wayne
401,109,Steve Erdman,Matt Williams
408,109,Steve Erdman,Tom Brandt
387,109,Steve Erdman,Mark Kolterman
430,89,Steve Erdman,Timothy Gragert
444,53,Steve Erdman,Rita Sanders
411,66,Steve Erdman,Mike Moser
412,65,Steve Erdman,Suzanne Geist
387,109,Steve Erdman,Mike Flood
431,52,Steve Erdman,Julie Slama
378,106,Steve Erdman,Mike McDonnell
412,74,Steve Erdman,Michael Hilgers
325,130,Steve Erdman,John Cavanaugh
375,97,Steve Erdman,Robert Hilkemann
477,28,Steve Erdman,Robert Clements
437,36,Steve Erdman,Steve Halloran
391,54,Steve Erdman,Ben Hansen
377,74,Steve Erdman,Tom Briese
297,138,Steve Erdman,Matt Hansen
321,116,Steve Erdman,Adam Morfeld
412,56,Steve Erdman,John Arch
316,114,Steve Erdman,Patty Pansing Brooks
329,125,Steve Erdman,Steve Lathrop
387,49,Steve Erdman,Dan Hughes
334,85,Steve Erdman,Rich Pahls
300,110,Steve Erdman,Jen Day
415,13,Steve Erdman,John Lowe
308,93,Steve Erdman,John Stinner
253,107,Steve Erdman,Eliot Bostar
302,37,Steve Erdman,Tom Brewer
241,99,Steve Erdman,Justin Wayne
595,26,Steve Lathrop,Matt Williams
601,27,Steve Lathrop,Tom Brandt
579,24,Steve Lathrop,Mark Kolterman
583,40,Steve Lathrop,Timothy Gragert
529,71,Steve Lathrop,Rita Sanders
482,80,Steve Lathrop,Mike Moser
497,66,Steve Lathrop,Suzanne Geist
566,28,Steve Lathrop,Mike Flood
490,89,Steve Lathrop,Julie Slama
558,15,Steve Lathrop,Mike McDonnell
534,53,Steve Lathrop,Michael Hilgers
552,7,Steve Lathrop,John Cavanaugh
546,31,Steve Lathrop,Robert Hilkemann
425,126,Steve Lathrop,Robert Clements
481,66,Steve Lathrop,Steve Halloran
477,57,Steve Lathrop,Ben Hansen
516,38,Steve Lathrop,Tom Briese
515,14,Steve Lathrop,Matt Hansen
539,2,Steve Lathrop,Adam Morfeld
522,47,Steve Lathrop,John Arch
547,6,Steve Lathrop,Patty Pansing Brooks
465,53,Steve Lathrop,Dan Hughes
480,17,Steve Lathrop,Rich Pahls
489,6,Steve Lathrop,Jen Day
364,107,Steve Lathrop,John Lowe
456,20,Steve Lathrop,John Stinner
436,10,Steve Lathrop,Eliot Bostar
369,58,Steve Lathrop,Tom Brewer
385,21,Steve Lathrop,Justin Wayne
626,26,John Arch,Matt Williams
629,31,John Arch,Tom Brandt
602,24,John Arch,Mark Kolterman
637,19,John Arch,Timothy Gragert
619,15,John Arch,Rita Sanders
580,20,John Arch,Mike Moser
570,22,John Arch,Suzanne Geist
580,29,John Arch,Mike Flood
574,26,John Arch,Julie Slama
569,35,John Arch,Mike McDonnell
601,19,John Arch,Michael Hilgers
523,55,John Arch,John Cavanaugh
566,24,John Arch,Robert Hilkemann
538,43,John Arch,Robert Clements
563,14,John Arch,Steve Halloran
566,6,John Arch,Ben Hansen
567,12,John Arch,Tom Briese
470,61,John Arch,Matt Hansen
508,41,John Arch,Adam Morfeld
496,44,John Arch,Patty Pansing Brooks
534,11,John Arch,Dan Hughes
499,16,John Arch,Rich Pahls
481,40,John Arch,Jen Day
465,31,John Arch,John Lowe
468,24,John Arch,John Stinner
396,37,John Arch,Eliot Bostar
429,9,John Arch,Tom Brewer
367,48,John Arch,Justin Wayne
556,11,Rich Pahls,Matt Williams
577,8,Rich Pahls,Tom Brandt
546,12,Rich Pahls,Mark Kolterman
560,13,Rich Pahls,Timothy Gragert
519,41,Rich Pahls,Rita Sanders
479,50,Rich Pahls,Mike Moser
486,39,Rich Pahls,Suzanne Geist
523,15,Rich Pahls,Mike Flood
488,53,Rich Pahls,Julie Slama
531,9,Rich Pahls,Mike McDonnell
512,33,Rich Pahls,Michael Hilgers
495,15,Rich Pahls,John Cavanaugh
514,11,Rich Pahls,Robert Hilkemann
428,86,Rich Pahls,Robert Clements
474,33,Rich Pahls,Steve Halloran
465,22,Rich Pahls,Ben Hansen
491,17,Rich Pahls,Tom Briese
468,10,Rich Pahls,Adam Morfeld
450,21,Rich Pahls,Matt Hansen
468,12,Rich Pahls,Patty Pansing Brooks
450,29,Rich Pahls,Dan Hughes
456,10,Rich Pahls,Jen Day
369,68,Rich Pahls,John Lowe
442,9,Rich Pahls,John Stinner
386,9,Rich Pahls,Eliot Bostar
363,22,Rich Pahls,Tom Brewer
367,18,Rich Pahls,Justin Wayne
433,31,Ben Hansen,John Stinner
582,34,Ben Hansen,Matt Williams
590,32,Ben Hansen,Tom Brandt
564,32,Ben Hansen,Mark Kolterman
601,21,Ben Hansen,Timothy Gragert
576,20,Ben Hansen,Rita Sanders
544,27,Ben Hansen,Mike Moser
543,25,Ben Hansen,Suzanne Geist
548,32,Ben Hansen,Mike Flood
557,25,Ben Hansen,Julie Slama
534,38,Ben Hansen,Mike McDonnell
573,19,Ben Hansen,Michael Hilgers
486,59,Ben Hansen,John Cavanaugh
545,27,Ben Hansen,Robert Hilkemann
506,55,Ben Hansen,Robert Clements
536,20,Ben Hansen,Steve Halloran
526,13,Ben Hansen,Tom Briese
431,67,Ben Hansen,Matt Hansen
478,45,Ben Hansen,Adam Morfeld
462,46,Ben Hansen,Patty Pansing Brooks
506,12,Ben Hansen,Dan Hughes
446,45,Ben Hansen,Jen Day
433,35,Ben Hansen,John Lowe
369,41,Ben Hansen,Eliot Bostar
425,8,Ben Hansen,Tom Brewer
343,46,Ben Hansen,Justin Wayne
356,40,Eliot Bostar,Dan Hughes
382,2,Eliot Bostar,Jen Day
273,93,Eliot Bostar,John Lowe
467,16,Eliot Bostar,Matt Williams
473,11,Eliot Bostar,Tom Brandt
464,17,Eliot Bostar,Mark Kolterman
449,21,Eliot Bostar,Timothy Gragert
403,53,Eliot Bostar,Rita Sanders
375,62,Eliot Bostar,Mike Moser
383,57,Eliot Bostar,Suzanne Geist
456,15,Eliot Bostar,Mike Flood
363,74,Eliot Bostar,Julie Slama
439,9,Eliot Bostar,Mike McDonnell
414,44,Eliot Bostar,Michael Hilgers
434,5,Eliot Bostar,John Cavanaugh
420,26,Eliot Bostar,Robert Hilkemann
327,105,Eliot Bostar,Robert Clements
379,49,Eliot Bostar,Steve Halloran
407,22,Eliot Bostar,Tom Briese
437,5,Eliot Bostar,Adam Morfeld
425,12,Eliot Bostar,Matt Hansen
422,7,Eliot Bostar,Patty Pansing Brooks
355,16,Eliot Bostar,John Stinner
262,42,Eliot Bostar,Tom Brewer
338,15,Eliot Bostar,Justin Wayne
422,26,Mark Kolterman,Justin Wayne
628,14,Mark Kolterman,Mike McDonnell
617,35,Mark Kolterman,Michael Hilgers
591,31,Mark Kolterman,John Cavanaugh
610,22,Mark Kolterman,Robert Hilkemann
505,113,Mark Kolterman,Robert Clements
562,46,Mark Kolterman,Steve Halloran
584,16,Mark Kolterman,Tom Briese
541,33,Mark Kolterman,Matt Hansen
575,14,Mark Kolterman,Adam Morfeld
690,7,Mark Kolterman,Matt Williams
678,22,Mark Kolterman,Tom Brandt
672,19,Mark Kolterman,Timothy Gragert
606,53,Mark Kolterman,Rita Sanders
573,62,Mark Kolterman,Mike Moser
574,54,Mark Kolterman,Suzanne Geist
639,15,Mark Kolterman,Mike Flood
568,67,Mark Kolterman,Julie Slama
559,19,Mark Kolterman,Patty Pansing Brooks
536,36,Mark Kolterman,Dan Hughes
536,22,Mark Kolterman,Jen Day
437,92,Mark Kolterman,John Lowe
538,7,Mark Kolterman,John Stinner
415,33,Mark Kolterman,Tom Brewer
551,38,Matt Hansen,Matt Williams
555,37,Matt Hansen,Tom Brandt
541,51,Matt Hansen,Timothy Gragert
479,83,Matt Hansen,Rita Sanders
441,96,Matt Hansen,Mike Moser
449,85,Matt Hansen,Suzanne Geist
528,37,Matt Hansen,Mike Flood
444,102,Matt Hansen,Julie Slama
518,33,Matt Hansen,Mike McDonnell
490,65,Matt Hansen,Michael Hilgers
543,5,Matt Hansen,John Cavanaugh
492,49,Matt Hansen,Robert Hilkemann
378,145,Matt Hansen,Robert Clements
437,81,Matt Hansen,Steve Halloran
473,43,Matt Hansen,Tom Briese
514,10,Matt Hansen,Adam Morfeld
518,7,Matt Hansen,Patty Pansing Brooks
415,65,Matt Hansen,Dan Hughes
458,12,Matt Hansen,Jen Day
327,122,Matt Hansen,John Lowe
432,32,Matt Hansen,John Stinner
317,68,Matt Hansen,Tom Brewer
393,17,Matt Hansen,Justin Wayne
352,62,Suzanne Geist,Justin Wayne
596,53,Suzanne Geist,Matt Williams
602,58,Suzanne Geist,Tom Brandt
613,42,Suzanne Geist,Timothy Gragert
609,24,Suzanne Geist,Rita Sanders
569,31,Suzanne Geist,Mike Moser
563,47,Suzanne Geist,Mike Flood
585,25,Suzanne Geist,Julie Slama
549,57,Suzanne Geist,Mike McDonnell
598,20,Suzanne Geist,Michael Hilgers
498,77,Suzanne Geist,John Cavanaugh
558,52,Suzanne Geist,Robert Hilkemann
537,51,Suzanne Geist,Robert Clements
543,36,Suzanne Geist,Steve Halloran
547,26,Suzanne Geist,Tom Briese
477,63,Suzanne Geist,Adam Morfeld
480,64,Suzanne Geist,Patty Pansing Brooks
529,19,Suzanne Geist,Dan Hughes
460,61,Suzanne Geist,Jen Day
468,35,Suzanne Geist,John Lowe
453,46,Suzanne Geist,John Stinner
415,25,Suzanne Geist,Tom Brewer
361,17,Jen Day,Justin Wayne
550,21,Jen Day,Matt Williams
555,19,Jen Day,Tom Brandt
536,32,Jen Day,Timothy Gragert
488,57,Jen Day,Rita Sanders
444,73,Jen Day,Mike Moser
514,20,Jen Day,Mike Flood
448,79,Jen Day,Julie Slama
507,13,Jen Day,Mike McDonnell
491,47,Jen Day,Michael Hilgers
518,2,Jen Day,John Cavanaugh
485,34,Jen Day,Robert Hilkemann
384,109,Jen Day,Robert Clements
456,58,Jen Day,Steve Halloran
471,30,Jen Day,Tom Briese
470,4,Jen Day,Adam Morfeld
471,6,Jen Day,Patty Pansing Brooks
421,50,Jen Day,Dan Hughes
351,104,Jen Day,John Lowe
454,24,Jen Day,John Stinner
346,50,Jen Day,Tom Brewer
415,10,John Cavanaugh,Justin Wayne
603,32,John Cavanaugh,Matt Williams
611,30,John Cavanaugh,Tom Brandt
594,44,John Cavanaugh,Timothy Gragert
534,78,John Cavanaugh,Rita Sanders
494,89,John Cavanaugh,Mike Moser
572,31,John Cavanaugh,Mike Flood
490,100,John Cavanaugh,Julie Slama
568,22,John Cavanaugh,Mike McDonnell
545,55,John Cavanaugh,Michael Hilgers
537,43,John Cavanaugh,Robert Hilkemann
418,141,John Cavanaugh,Robert Clements
488,77,John Cavanaugh,Steve Halloran
514,36,John Cavanaugh,Tom Briese
549,8,John Cavanaugh,Adam Morfeld
543,7,John Cavanaugh,Patty Pansing Brooks
465,58,John Cavanaugh,Dan Hughes
362,122,John Cavanaugh,John Lowe
474,32,John Cavanaugh,John Stinner
355,62,John Cavanaugh,Tom Brewer
441,34,Tom Brandt,Tom Brewer
430,30,Tom Brandt,Justin Wayne
704,20,Tom Brandt,Matt Williams
707,18,Tom Brandt,Timothy Gragert
646,54,Tom Brandt,Rita Sanders
604,61,Tom Brandt,Mike Moser
665,18,Tom Brandt,Mike Flood
600,71,Tom Brandt,Julie Slama
650,19,Tom Brandt,Mike McDonnell
638,44,Tom Brandt,Michael Hilgers
636,27,Tom Brandt,Robert Hilkemann
530,111,Tom Brandt,Robert Clements
590,46,Tom Brandt,Steve Halloran
612,22,Tom Brandt,Tom Briese
589,19,Tom Brandt,Adam Morfeld
578,25,Tom Brandt,Patty Pansing Brooks
568,34,Tom Brandt,Dan Hughes
461,94,Tom Brandt,John Lowe
534,20,Tom Brandt,John Stinner
411,22,Mike Moser,Tom Brewer
347,73,Mike Moser,Justin Wayne
604,55,Mike Moser,Matt Williams
627,41,Mike Moser,Timothy Gragert
620,21,Mike Moser,Rita Sanders
563,55,Mike Moser,Mike Flood
588,34,Mike Moser,Julie Slama
548,63,Mike Moser,Mike McDonnell
581,37,Mike Moser,Michael Hilgers
542,55,Mike Moser,Robert Hilkemann
544,48,Mike Moser,Robert Clements
549,37,Mike Moser,Steve Halloran
544,29,Mike Moser,Tom Briese
487,71,Mike Moser,Adam Morfeld
467,77,Mike Moser,Patty Pansing Brooks
535,23,Mike Moser,Dan Hughes
476,42,Mike Moser,John Lowe
455,48,Mike Moser,John Stinner
345,56,Steve Halloran,Justin Wayne
406,16,Steve Halloran,Tom Brewer
583,47,Steve Halloran,Matt Williams
611,29,Steve Halloran,Timothy Gragert
584,29,Steve Halloran,Rita Sanders
556,41,Steve Halloran,Mike Flood
567,33,Steve Halloran,Julie Slama
547,46,Steve Halloran,Mike McDonnell
565,37,Steve Halloran,Michael Hilgers
545,38,Steve Halloran,Robert Hilkemann
541,38,Steve Halloran,Robert Clements
525,26,Steve Halloran,Tom Briese
470,60,Steve Halloran,Adam Morfeld
461,58,Steve Halloran,Patty Pansing Brooks
508,26,Steve Halloran,Dan Hughes
483,22,Steve Halloran,John Lowe
450,45,Steve Halloran,John Stinner
390,17,Adam Morfeld,Justin Wayne
342,47,Adam Morfeld,Tom Brewer
590,16,Adam Morfeld,Matt Williams
575,25,Adam Morfeld,Timothy Gragert
519,65,Adam Morfeld,Rita Sanders
556,20,Adam Morfeld,Mike Flood
476,79,Adam Morfeld,Julie Slama
550,9,Adam Morfeld,Mike McDonnell
529,44,Adam Morfeld,Michael Hilgers
526,28,Adam Morfeld,Robert Hilkemann
413,122,Adam Morfeld,Robert Clements
495,27,Adam Morfeld,Tom Briese
528,5,Adam Morfeld,Patty Pansing Brooks
455,41,Adam Morfeld,Dan Hughes
362,105,Adam Morfeld,John Lowe
464,18,Adam Morfeld,John Stinner
455,57,Julie Slama,John Stinner
356,72,Julie Slama,Justin Wayne
418,31,Julie Slama,Tom Brewer
602,66,Julie Slama,Matt Williams
614,52,Julie Slama,Timothy Gragert
617,25,Julie Slama,Rita Sanders
561,63,Julie Slama,Mike Flood
548,68,Julie Slama,Mike McDonnell
592,36,Julie Slama,Michael Hilgers
556,64,Julie Slama,Robert Hilkemann
570,38,Julie Slama,Robert Clements
551,32,Julie Slama,Tom Briese
478,80,Julie Slama,Patty Pansing Brooks
534,23,Julie Slama,Dan Hughes
492,30,Julie Slama,John Lowe
264,90,John Lowe,Justin Wayne
458,90,John Lowe,Matt Williams
482,67,John Lowe,Timothy Gragert
493,39,John Lowe,Rita Sanders
436,86,John Lowe,Mike Flood
413,90,John Lowe,Mike McDonnell
462,47,John Lowe,Michael Hilgers
426,80,John Lowe,Robert Hilkemann
511,12,John Lowe,Robert Clements
419,52,John Lowe,Tom Briese
357,103,John Lowe,Patty Pansing Brooks
436,29,John Lowe,Dan Hughes
358,85,John Lowe,John Stinner
345,30,John Lowe,Tom Brewer
428,29,Matt Williams,Justin Wayne
706,16,Matt Williams,Timothy Gragert
642,48,Matt Williams,Rita Sanders
664,9,Matt Williams,Mike Flood
641,16,Matt Williams,Mike McDonnell
642,31,Matt Williams,Michael Hilgers
639,19,Matt Williams,Robert Hilkemann
528,107,Matt Williams,Robert Clements
607,17,Matt Williams,Tom Briese
574,23,Matt Williams,Patty Pansing Brooks
559,31,Matt Williams,Dan Hughes
543,9,Matt Williams,John Stinner
441,38,Matt Williams,Tom Brewer
551,88,Timothy Gragert,Robert Clements
617,14,Timothy Gragert,Tom Briese
564,32,Timothy Gragert,Patty Pansing Brooks
579,27,Timothy Gragert,Dan Hughes
455,26,Timothy Gragert,Tom Brewer
430,32,Timothy Gragert,Justin Wayne
540,14,Timothy Gragert,John Stinner
661,33,Timothy Gragert,Rita Sanders
660,13,Timothy Gragert,Mike Flood
642,20,Timothy Gragert,Mike McDonnell
651,29,Timothy Gragert,Michael Hilgers
645,19,Timothy Gragert,Robert Hilkemann
395,88,Robert Clements,John Stinner
300,112,Robert Clements,Justin Wayne
390,38,Robert Clements,Tom Brewer
580,41,Robert Clements,Rita Sanders
500,106,Robert Clements,Mike Flood
483,113,Robert Clements,Mike McDonnell
534,65,Robert Clements,Michael Hilgers
487,96,Robert Clements,Robert Hilkemann
497,64,Robert Clements,Tom Briese
417,117,Robert Clements,Patty Pansing Brooks
498,40,Robert Clements,Dan Hughes
581,28,Tom Briese,Rita Sanders
581,13,Tom Briese,Mike Flood
559,21,Tom Briese,Mike McDonnell
574,26,Tom Briese,Michael Hilgers
552,25,Tom Briese,Robert Hilkemann
506,30,Tom Briese,Patty Pansing Brooks
376,26,Tom Briese,Justin Wayne
507,14,Tom Briese,Dan Hughes
467,18,Tom Briese,John Stinner
404,15,Tom Briese,Tom Brewer
425,38,Mike Flood,Tom Brewer
411,27,Mike Flood,Justin Wayne
604,45,Mike Flood,Rita Sanders
620,13,Mike Flood,Mike McDonnell
600,35,Mike Flood,Michael Hilgers
595,25,Mike Flood,Robert Hilkemann
554,23,Mike Flood,Patty Pansing Brooks
534,34,Mike Flood,Dan Hughes
500,13,Mike Flood,John Stinner
438,16,Rita Sanders,Tom Brewer
577,54,Rita Sanders,Mike McDonnell
618,32,Rita Sanders,Michael Hilgers
582,47,Rita Sanders,Robert Hilkemann
517,64,Rita Sanders,Patty Pansing Brooks
566,17,Rita Sanders,Dan Hughes
493,36,Rita Sanders,John Stinner
378,64,Rita Sanders,Justin Wayne
409,40,Mike McDonnell,Tom Brewer
411,20,Mike McDonnell,Justin Wayne
581,43,Mike McDonnell,Michael Hilgers
594,23,Mike McDonnell,Robert Hilkemann
539,16,Mike McDonnell,Patty Pansing Brooks
516,37,Mike McDonnell,Dan Hughes
511,13,Mike McDonnell,John Stinner
322,33,Tom Brewer,John Stinner
260,49,Tom Brewer,Justin Wayne
421,24,Tom Brewer,Michael Hilgers
400,27,Tom Brewer,Robert Hilkemann
348,50,Tom Brewer,Patty Pansing Brooks
390,12,Tom Brewer,Dan Hughes
440,48,Patty Pansing Brooks,Dan Hughes
441,25,Patty Pansing Brooks,John Stinner
388,18,Patty Pansing Brooks,Justin Wayne
510,49,Patty Pansing Brooks,Michael Hilgers
535,27,Patty Pansing Brooks,Robert Hilkemann
550,20,Dan Hughes,Michael Hilgers
507,37,Dan Hughes,Robert Hilkemann
436,33,Dan Hughes,John Stinner
332,48,Dan Hughes,Justin Wayne
490,30,John Stinner,Michael Hilgers
489,16,John Stinner,Robert Hilkemann
331,25,John Stinner,Justin Wayne
391,34,Robert Hilkemann,Justin Wayne
587,35,Robert Hilkemann,Michael Hilgers
388,42,Justin Wayne,Michael Hilgers
